,Condition,Date/Time,current,power,voltage
0,normal,Wed Oct 23 18:39:40 2019,0.11,1.53,13.82
1,normal,Wed Oct 23 18:39:41 2019,0.09,1.28,13.83
2,normal,Wed Oct 23 18:39:42 2019,0.1,1.4,13.82
3,normal,Wed Oct 23 18:39:43 2019,0.09,1.28,13.81
4,normal,Wed Oct 23 18:39:44 2019,0.1,1.4,13.82
5,normal,Wed Oct 23 18:39:45 2019,0.09,1.28,13.84
6,normal,Wed Oct 23 18:39:46 2019,0.1,1.4,13.82
7,normal,Wed Oct 23 18:39:47 2019,0.1,1.4,13.83
8,normal,Wed Oct 23 18:39:48 2019,0.1,1.4,13.82
9,normal,Wed Oct 23 18:39:49 2019,0.09,1.28,13.83
10,normal,Wed Oct 23 18:39:50 2019,0.09,1.28,13.83
11,normal,Wed Oct 23 18:39:51 2019,0.09,1.28,13.82
12,normal,Wed Oct 23 18:39:53 2019,0.09,1.28,13.81
13,normal,Wed Oct 23 18:39:54 2019,0.09,1.28,13.84
14,normal,Wed Oct 23 18:39:55 2019,0.1,1.4,13.82
15,normal,Wed Oct 23 18:39:56 2019,0.09,1.28,13.82
16,normal,Wed Oct 23 18:39:57 2019,0.09,1.28,13.82
17,normal,Wed Oct 23 18:39:58 2019,0.1,1.4,13.82
18,normal,Wed Oct 23 18:39:59 2019,0.1,1.4,13.83
19,normal,Wed Oct 23 18:40:00 2019,0.09,1.28,13.82
20,normal,Wed Oct 23 18:40:01 2019,0.1,1.4,13.82
21,normal,Wed Oct 23 18:40:02 2019,0.09,1.28,13.83
22,normal,Wed Oct 23 18:40:03 2019,0.1,1.4,13.82
23,normal,Wed Oct 23 18:40:04 2019,0.09,1.28,13.82
24,normal,Wed Oct 23 18:40:05 2019,0.09,1.28,13.83
25,normal,Wed Oct 23 18:40:06 2019,0.09,1.28,13.81
26,normal,Wed Oct 23 18:40:07 2019,0.1,1.4,13.82
27,normal,Wed Oct 23 18:40:08 2019,0.1,1.4,13.81
28,normal,Wed Oct 23 18:40:09 2019,0.1,1.4,13.82
29,normal,Wed Oct 23 18:40:10 2019,0.09,1.28,13.85
30,normal,Wed Oct 23 18:40:11 2019,0.09,1.28,13.83
31,normal,Wed Oct 23 18:40:12 2019,0.11,1.53,13.82
32,normal,Wed Oct 23 18:40:13 2019,0.1,1.4,13.82
33,normal,Wed Oct 23 18:40:14 2019,0.1,1.4,13.83
34,normal,Wed Oct 23 18:40:15 2019,0.1,1.4,13.83
35,normal,Wed Oct 23 18:40:16 2019,0.09,1.28,13.82
36,normal,Wed Oct 23 18:40:17 2019,0.09,1.28,13.83
37,normal,Wed Oct 23 18:40:18 2019,0.1,1.4,13.83
38,normal,Wed Oct 23 18:40:19 2019,0.1,1.4,13.83
39,normal,Wed Oct 23 18:40:20 2019,0.1,1.4,13.84
40,normal,Wed Oct 23 18:40:21 2019,0.1,1.4,13.81
41,normal,Wed Oct 23 18:40:22 2019,0.09,1.28,13.84
42,normal,Wed Oct 23 18:40:23 2019,0.1,1.4,13.81
43,normal,Wed Oct 23 18:40:24 2019,0.09,1.28,13.82
44,normal,Wed Oct 23 18:40:25 2019,0.09,1.28,13.83
45,normal,Wed Oct 23 18:40:26 2019,0.1,1.4,13.82
46,normal,Wed Oct 23 18:40:27 2019,0.1,1.4,13.82
47,normal,Wed Oct 23 18:40:28 2019,0.09,1.28,13.83
48,normal,Wed Oct 23 18:40:29 2019,0.1,1.4,13.81
49,normal,Wed Oct 23 18:40:30 2019,0.09,1.28,13.8
50,normal,Wed Oct 23 18:40:31 2019,0.09,1.28,13.79
51,normal,Wed Oct 23 18:40:32 2019,0.09,1.28,13.82
52,normal,Wed Oct 23 18:40:33 2019,0.1,1.4,13.83
53,normal,Wed Oct 23 18:40:34 2019,0.1,1.4,13.8
54,normal,Wed Oct 23 18:40:35 2019,0.09,1.28,13.81
55,normal,Wed Oct 23 18:40:36 2019,0.09,1.28,13.82
56,normal,Wed Oct 23 18:40:37 2019,0.09,1.28,13.81
57,normal,Wed Oct 23 18:40:38 2019,0.09,1.28,13.82
58,normal,Wed Oct 23 18:40:39 2019,0.09,1.28,13.81
59,normal,Wed Oct 23 18:40:40 2019,0.1,1.4,13.82
60,normal,Wed Oct 23 18:40:41 2019,0.1,1.4,13.83
61,normal,Wed Oct 23 18:40:42 2019,0.1,1.4,13.81
62,normal,Wed Oct 23 18:40:43 2019,0.1,1.4,13.83
63,normal,Wed Oct 23 18:40:44 2019,0.1,1.4,13.83
64,normal,Wed Oct 23 18:40:45 2019,0.09,1.28,13.82
65,normal,Wed Oct 23 18:40:46 2019,0.1,1.4,13.84
66,normal,Wed Oct 23 18:40:47 2019,0.1,1.4,13.83
67,normal,Wed Oct 23 18:40:48 2019,0.09,1.28,13.82
68,normal,Wed Oct 23 18:40:49 2019,0.1,1.4,13.82
69,normal,Wed Oct 23 18:40:50 2019,0.1,1.4,13.82
70,normal,Wed Oct 23 18:40:51 2019,0.1,1.4,13.82
71,normal,Wed Oct 23 18:40:52 2019,0.1,1.4,13.82
72,normal,Wed Oct 23 18:40:53 2019,0.09,1.28,13.82
73,normal,Wed Oct 23 18:40:54 2019,0.09,1.28,13.82
74,normal,Wed Oct 23 18:40:55 2019,0.1,1.4,13.8
75,normal,Wed Oct 23 18:40:56 2019,0.1,1.4,13.82
76,normal,Wed Oct 23 18:40:57 2019,0.09,1.28,13.81
77,normal,Wed Oct 23 18:40:58 2019,0.09,1.28,13.82
78,normal,Wed Oct 23 18:40:59 2019,0.1,1.4,13.83
79,normal,Wed Oct 23 18:41:00 2019,0.09,1.28,13.83
80,normal,Wed Oct 23 18:41:01 2019,0.09,1.28,13.82
81,normal,Wed Oct 23 18:41:02 2019,0.09,1.28,13.84
82,normal,Wed Oct 23 18:41:03 2019,0.09,1.28,13.82
83,normal,Wed Oct 23 18:41:04 2019,0.09,1.28,13.82
84,normal,Wed Oct 23 18:41:05 2019,0.09,1.28,13.82
85,normal,Wed Oct 23 18:41:06 2019,0.1,1.4,13.82
86,normal,Wed Oct 23 18:41:07 2019,0.1,1.4,13.81
87,normal,Wed Oct 23 18:41:08 2019,0.09,1.28,13.82
88,normal,Wed Oct 23 18:41:09 2019,0.09,1.28,13.81
89,normal,Wed Oct 23 18:41:10 2019,0.1,1.4,13.81
90,normal,Wed Oct 23 18:41:11 2019,0.1,1.4,13.83
91,normal,Wed Oct 23 18:41:12 2019,0.09,1.28,13.82
92,normal,Wed Oct 23 18:41:13 2019,0.1,1.4,13.82
93,normal,Wed Oct 23 18:41:14 2019,0.09,1.28,13.82
94,normal,Wed Oct 23 18:41:15 2019,0.1,1.4,13.83
95,normal,Wed Oct 23 18:41:16 2019,0.1,1.4,13.83
96,normal,Wed Oct 23 18:41:17 2019,0.1,1.4,13.82
97,normal,Wed Oct 23 18:41:18 2019,0.09,1.28,13.81
98,normal,Wed Oct 23 18:41:19 2019,0.1,1.4,13.83
99,normal,Wed Oct 23 18:41:20 2019,0.1,1.4,13.82
100,normal,Wed Oct 23 18:41:21 2019,0.09,1.28,13.81
101,normal,Wed Oct 23 18:41:22 2019,0.09,1.28,13.81
102,normal,Wed Oct 23 18:41:23 2019,0.09,1.28,13.83
103,normal,Wed Oct 23 18:41:24 2019,0.09,1.28,13.82
104,normal,Wed Oct 23 18:41:25 2019,0.09,1.28,13.81
105,normal,Wed Oct 23 18:41:26 2019,0.09,1.28,13.82
106,normal,Wed Oct 23 18:41:27 2019,0.09,1.28,13.79
107,normal,Wed Oct 23 18:41:28 2019,0.09,1.28,13.82
108,normal,Wed Oct 23 18:41:29 2019,0.09,1.28,13.82
109,normal,Wed Oct 23 18:41:30 2019,0.1,1.4,13.82
110,normal,Wed Oct 23 18:41:31 2019,0.08,1.15,13.84
111,normal,Wed Oct 23 18:41:32 2019,0.09,1.28,13.81
112,normal,Wed Oct 23 18:41:33 2019,0.1,1.4,13.8
113,normal,Wed Oct 23 18:41:34 2019,0.09,1.28,13.82
114,normal,Wed Oct 23 18:41:35 2019,0.09,1.28,13.81
115,normal,Wed Oct 23 18:41:36 2019,0.1,1.4,13.81
116,normal,Wed Oct 23 18:41:38 2019,0.09,1.28,13.83
117,normal,Wed Oct 23 18:41:39 2019,0.09,1.28,13.81
118,normal,Wed Oct 23 18:41:40 2019,0.09,1.28,13.81
119,normal,Wed Oct 23 18:41:41 2019,0.1,1.4,13.82
120,normal,Wed Oct 23 18:41:42 2019,0.09,1.28,13.81
121,normal,Wed Oct 23 18:41:43 2019,0.1,1.4,13.81
122,normal,Wed Oct 23 18:41:44 2019,0.09,1.28,13.81
123,normal,Wed Oct 23 18:41:45 2019,0.09,1.28,13.82
124,normal,Wed Oct 23 18:41:46 2019,0.09,1.28,13.79
125,normal,Wed Oct 23 18:41:47 2019,0.1,1.4,13.83
126,normal,Wed Oct 23 18:41:48 2019,0.1,1.4,13.83
127,normal,Wed Oct 23 18:41:49 2019,0.09,1.28,13.84
128,normal,Wed Oct 23 18:41:50 2019,0.09,1.28,13.84
129,normal,Wed Oct 23 18:41:51 2019,0.1,1.4,13.81
130,normal,Wed Oct 23 18:41:52 2019,0.09,1.28,13.82
131,normal,Wed Oct 23 18:41:53 2019,0.09,1.28,13.78
132,normal,Wed Oct 23 18:41:54 2019,0.09,1.28,13.8
133,normal,Wed Oct 23 18:41:55 2019,0.1,1.4,13.82
134,normal,Wed Oct 23 18:41:56 2019,0.09,1.28,13.82
135,normal,Wed Oct 23 18:41:57 2019,0.09,1.28,13.82
136,normal,Wed Oct 23 18:41:58 2019,0.1,1.4,13.82
137,normal,Wed Oct 23 18:41:59 2019,0.09,1.28,13.81
138,normal,Wed Oct 23 18:42:00 2019,0.09,1.28,13.82
139,normal,Wed Oct 23 18:42:01 2019,0.1,1.4,13.81
140,normal,Wed Oct 23 18:42:02 2019,0.11,1.53,13.83
141,normal,Wed Oct 23 18:42:03 2019,0.09,1.28,13.83
142,normal,Wed Oct 23 18:42:04 2019,0.1,1.4,13.83
143,normal,Wed Oct 23 18:42:05 2019,0.09,1.28,13.84
144,normal,Wed Oct 23 18:42:06 2019,0.1,1.4,13.81
145,normal,Wed Oct 23 18:42:07 2019,0.1,1.4,13.81
146,normal,Wed Oct 23 18:42:08 2019,0.1,1.4,13.82
147,normal,Wed Oct 23 18:42:09 2019,0.1,1.4,13.81
148,normal,Wed Oct 23 18:42:10 2019,0.1,1.4,13.83
149,normal,Wed Oct 23 18:42:11 2019,0.1,1.4,13.81
150,normal,Wed Oct 23 18:42:12 2019,0.09,1.28,13.81
151,normal,Wed Oct 23 18:42:13 2019,0.1,1.4,13.84
152,normal,Wed Oct 23 18:42:14 2019,0.1,1.4,13.81
153,normal,Wed Oct 23 18:42:15 2019,0.1,1.4,13.81
154,normal,Wed Oct 23 18:42:16 2019,0.09,1.28,13.82
155,normal,Wed Oct 23 18:42:17 2019,0.09,1.28,13.81
156,normal,Wed Oct 23 18:42:18 2019,0.1,1.4,13.82
157,normal,Wed Oct 23 18:42:19 2019,0.1,1.4,13.83
158,normal,Wed Oct 23 18:42:20 2019,0.1,1.4,13.81
159,normal,Wed Oct 23 18:42:21 2019,0.09,1.28,13.82
160,normal,Wed Oct 23 18:42:22 2019,0.09,1.28,13.81
161,normal,Wed Oct 23 18:42:23 2019,0.09,1.28,13.81
162,normal,Wed Oct 23 18:42:24 2019,0.1,1.4,13.81
163,normal,Wed Oct 23 18:42:25 2019,0.09,1.28,13.83
164,normal,Wed Oct 23 18:42:26 2019,0.09,1.28,13.83
165,normal,Wed Oct 23 18:42:27 2019,0.09,1.28,13.82
166,normal,Wed Oct 23 18:42:28 2019,0.1,1.4,13.83
167,normal,Wed Oct 23 18:42:29 2019,0.1,1.4,13.82
168,normal,Wed Oct 23 18:42:30 2019,0.09,1.28,13.82
169,normal,Wed Oct 23 18:42:31 2019,0.09,1.28,13.81
170,normal,Wed Oct 23 18:42:32 2019,0.09,1.28,13.82
171,normal,Wed Oct 23 18:42:33 2019,0.09,1.28,13.82
172,normal,Wed Oct 23 18:42:34 2019,0.1,1.4,13.82
173,normal,Wed Oct 23 18:42:35 2019,0.09,1.28,13.82
174,normal,Wed Oct 23 18:42:36 2019,0.1,1.4,13.84
175,normal,Wed Oct 23 18:42:37 2019,0.09,1.28,13.8
176,normal,Wed Oct 23 18:42:38 2019,0.09,1.28,13.81
177,normal,Wed Oct 23 18:42:39 2019,0.09,1.28,13.83
178,normal,Wed Oct 23 18:42:40 2019,0.09,1.28,13.82
179,normal,Wed Oct 23 18:42:41 2019,0.1,1.4,13.8
180,normal,Wed Oct 23 18:42:42 2019,0.09,1.28,13.8
181,normal,Wed Oct 23 18:42:43 2019,0.09,1.28,13.8
182,normal,Wed Oct 23 18:42:44 2019,0.09,1.28,13.82
183,normal,Wed Oct 23 18:42:45 2019,0.1,1.4,13.82
184,normal,Wed Oct 23 18:42:46 2019,0.1,1.4,13.83
185,normal,Wed Oct 23 18:42:47 2019,0.09,1.28,13.83
186,normal,Wed Oct 23 18:42:48 2019,0.1,1.4,13.82
187,normal,Wed Oct 23 18:42:49 2019,0.1,1.4,13.8
188,normal,Wed Oct 23 18:42:50 2019,0.1,1.4,13.82
189,normal,Wed Oct 23 18:42:51 2019,0.09,1.28,13.82
190,normal,Wed Oct 23 18:42:52 2019,0.1,1.4,13.82
191,normal,Wed Oct 23 18:42:53 2019,0.09,1.28,13.82
192,normal,Wed Oct 23 18:42:54 2019,0.1,1.4,13.83
193,normal,Wed Oct 23 18:42:55 2019,0.09,1.28,13.82
194,normal,Wed Oct 23 18:42:56 2019,0.1,1.4,13.82
195,normal,Wed Oct 23 18:42:57 2019,0.09,1.28,13.81
196,normal,Wed Oct 23 18:42:58 2019,0.1,1.4,13.83
197,normal,Wed Oct 23 18:42:59 2019,0.1,1.4,13.8
198,normal,Wed Oct 23 18:43:00 2019,0.1,1.4,13.82
199,normal,Wed Oct 23 18:43:01 2019,0.1,1.4,13.82
200,normal,Wed Oct 23 18:43:02 2019,0.1,1.4,13.81
201,normal,Wed Oct 23 18:43:03 2019,0.1,1.4,13.83
202,normal,Wed Oct 23 18:43:04 2019,0.09,1.28,13.81
203,normal,Wed Oct 23 18:43:05 2019,0.1,1.4,13.83
204,normal,Wed Oct 23 18:43:06 2019,0.09,1.28,13.83
205,normal,Wed Oct 23 18:43:07 2019,0.1,1.4,13.81
206,normal,Wed Oct 23 18:43:08 2019,0.09,1.28,13.82
207,normal,Wed Oct 23 18:43:09 2019,0.1,1.4,13.82
208,normal,Wed Oct 23 18:43:10 2019,0.1,1.4,13.82
209,normal,Wed Oct 23 18:43:11 2019,0.09,1.28,13.82
210,normal,Wed Oct 23 18:43:12 2019,0.09,1.28,13.83
211,normal,Wed Oct 23 18:43:13 2019,0.1,1.4,13.82
212,normal,Wed Oct 23 18:43:14 2019,0.1,1.4,13.8
213,normal,Wed Oct 23 18:43:15 2019,0.1,1.4,13.79
214,normal,Wed Oct 23 18:43:16 2019,0.1,1.4,13.81
215,normal,Wed Oct 23 18:43:17 2019,0.09,1.28,13.82
216,normal,Wed Oct 23 18:43:18 2019,0.1,1.4,13.82
217,normal,Wed Oct 23 18:43:19 2019,0.1,1.4,13.82
218,normal,Wed Oct 23 18:43:20 2019,0.1,1.4,13.82
219,normal,Wed Oct 23 18:43:21 2019,0.09,1.28,13.8
220,normal,Wed Oct 23 18:43:22 2019,0.1,1.4,13.82
221,normal,Wed Oct 23 18:43:23 2019,0.09,1.28,13.81
222,normal,Wed Oct 23 18:43:24 2019,0.09,1.28,13.82
223,normal,Wed Oct 23 18:43:25 2019,0.09,1.28,13.8
224,normal,Wed Oct 23 18:43:26 2019,0.1,1.4,13.8
225,normal,Wed Oct 23 18:43:27 2019,0.1,1.4,13.82
226,normal,Wed Oct 23 18:43:29 2019,0.1,1.4,13.82
227,normal,Wed Oct 23 18:43:30 2019,0.1,1.4,13.82
228,normal,Wed Oct 23 18:43:31 2019,0.09,1.28,13.82
229,normal,Wed Oct 23 18:43:32 2019,0.09,1.28,13.82
230,normal,Wed Oct 23 18:43:33 2019,0.09,1.28,13.81
231,normal,Wed Oct 23 18:43:34 2019,0.09,1.28,13.81
232,normal,Wed Oct 23 18:43:35 2019,0.09,1.28,13.83
233,normal,Wed Oct 23 18:43:36 2019,0.1,1.4,13.8
234,normal,Wed Oct 23 18:43:37 2019,0.09,1.28,13.82
235,normal,Wed Oct 23 18:43:38 2019,0.1,1.4,13.82
236,normal,Wed Oct 23 18:43:39 2019,0.1,1.4,13.82
237,normal,Wed Oct 23 18:43:40 2019,0.1,1.4,13.82
238,normal,Wed Oct 23 18:43:41 2019,0.1,1.4,13.8
239,normal,Wed Oct 23 18:43:42 2019,0.09,1.28,13.81
240,normal,Wed Oct 23 18:43:43 2019,0.09,1.28,13.83
241,normal,Wed Oct 23 18:43:44 2019,0.09,1.28,13.82
242,normal,Wed Oct 23 18:43:45 2019,0.09,1.28,13.82
243,normal,Wed Oct 23 18:43:46 2019,0.1,1.4,13.82
244,normal,Wed Oct 23 18:43:47 2019,0.09,1.28,13.81
245,normal,Wed Oct 23 18:43:48 2019,0.09,1.28,13.82
246,normal,Wed Oct 23 18:43:49 2019,0.1,1.4,13.82
247,normal,Wed Oct 23 18:43:50 2019,0.1,1.4,13.82
248,normal,Wed Oct 23 18:43:51 2019,0.09,1.28,13.82
249,normal,Wed Oct 23 18:43:52 2019,0.09,1.28,13.82
250,normal,Wed Oct 23 18:43:53 2019,0.1,1.4,13.82
251,normal,Wed Oct 23 18:43:54 2019,0.09,1.28,13.82
252,normal,Wed Oct 23 18:43:55 2019,0.1,1.4,13.83
253,normal,Wed Oct 23 18:43:56 2019,0.09,1.28,13.83
254,normal,Wed Oct 23 18:43:57 2019,0.1,1.4,13.81
255,normal,Wed Oct 23 18:43:58 2019,0.1,1.4,13.81
256,normal,Wed Oct 23 18:43:59 2019,0.1,1.4,13.8
257,normal,Wed Oct 23 18:44:00 2019,0.09,1.28,13.82
258,normal,Wed Oct 23 18:44:01 2019,0.09,1.28,13.83
259,normal,Wed Oct 23 18:44:02 2019,0.09,1.28,13.82
260,normal,Wed Oct 23 18:44:03 2019,0.1,1.4,13.81
261,normal,Wed Oct 23 18:44:04 2019,0.09,1.28,13.82
262,normal,Wed Oct 23 18:44:05 2019,0.1,1.4,13.83
263,normal,Wed Oct 23 18:44:06 2019,0.09,1.28,13.81
264,normal,Wed Oct 23 18:44:07 2019,0.1,1.4,13.83
265,normal,Wed Oct 23 18:44:08 2019,0.1,1.4,13.83
266,normal,Wed Oct 23 18:44:09 2019,0.09,1.28,13.83
267,normal,Wed Oct 23 18:44:10 2019,0.09,1.28,13.82
268,normal,Wed Oct 23 18:44:11 2019,0.1,1.4,13.81
269,normal,Wed Oct 23 18:44:12 2019,0.1,1.4,13.82
270,normal,Wed Oct 23 18:44:13 2019,0.1,1.4,13.82
271,normal,Wed Oct 23 18:44:14 2019,0.1,1.4,13.81
272,normal,Wed Oct 23 18:44:15 2019,0.09,1.28,13.82
273,normal,Wed Oct 23 18:44:16 2019,0.1,1.4,13.79
274,normal,Wed Oct 23 18:44:17 2019,0.1,1.4,13.82
275,normal,Wed Oct 23 18:44:18 2019,0.1,1.4,13.81
276,normal,Wed Oct 23 18:44:19 2019,0.09,1.28,13.8
277,normal,Wed Oct 23 18:44:20 2019,0.1,1.4,13.83
278,normal,Wed Oct 23 18:44:21 2019,0.09,1.28,13.82
279,normal,Wed Oct 23 18:44:22 2019,0.1,1.4,13.83
280,normal,Wed Oct 23 18:44:23 2019,0.1,1.4,13.82
281,normal,Wed Oct 23 18:44:24 2019,0.09,1.28,13.82
282,normal,Wed Oct 23 18:44:25 2019,0.1,1.4,13.82
283,normal,Wed Oct 23 18:44:26 2019,0.09,1.28,13.83
284,normal,Wed Oct 23 18:44:27 2019,0.1,1.4,13.81
285,normal,Wed Oct 23 18:44:28 2019,0.1,1.4,13.83
286,normal,Wed Oct 23 18:44:29 2019,0.1,1.4,13.82
287,normal,Wed Oct 23 18:44:30 2019,0.09,1.28,13.82
288,normal,Wed Oct 23 18:44:31 2019,0.1,1.4,13.83
289,normal,Wed Oct 23 18:44:32 2019,0.09,1.28,13.84
290,normal,Wed Oct 23 18:44:33 2019,0.1,1.4,13.83
291,normal,Wed Oct 23 18:44:34 2019,0.09,1.28,13.81
292,normal,Wed Oct 23 18:44:35 2019,0.1,1.4,13.8
293,normal,Wed Oct 23 18:44:36 2019,0.1,1.4,13.81
294,normal,Wed Oct 23 18:44:37 2019,0.09,1.28,13.79
295,normal,Wed Oct 23 18:44:38 2019,0.09,1.28,13.83
296,normal,Wed Oct 23 18:44:39 2019,0.09,1.28,13.83
297,normal,Wed Oct 23 18:44:40 2019,0.1,1.4,13.82
298,normal,Wed Oct 23 18:44:41 2019,0.1,1.4,13.83
299,normal,Wed Oct 23 18:44:42 2019,0.09,1.28,13.82
300,normal,Wed Oct 23 18:44:43 2019,0.1,1.4,13.81
301,normal,Wed Oct 23 18:44:44 2019,0.09,1.28,13.82
302,normal,Wed Oct 23 18:44:45 2019,0.09,1.28,13.82
303,normal,Wed Oct 23 18:44:46 2019,0.1,1.4,13.83
304,normal,Wed Oct 23 18:44:47 2019,0.09,1.28,13.83
305,normal,Wed Oct 23 18:44:48 2019,0.1,1.4,13.82
306,normal,Wed Oct 23 18:44:49 2019,0.1,1.4,13.82
307,normal,Wed Oct 23 18:44:50 2019,0.1,1.4,13.82
308,normal,Wed Oct 23 18:44:51 2019,0.1,1.4,13.83
309,normal,Wed Oct 23 18:44:52 2019,0.09,1.28,13.83
310,normal,Wed Oct 23 18:44:53 2019,0.09,1.28,13.82
311,normal,Wed Oct 23 18:44:54 2019,0.1,1.4,13.82
312,normal,Wed Oct 23 18:44:55 2019,0.1,1.4,13.82
313,normal,Wed Oct 23 18:44:56 2019,0.1,1.4,13.82
314,normal,Wed Oct 23 18:44:57 2019,0.1,1.4,13.82
315,normal,Wed Oct 23 18:44:58 2019,0.1,1.4,13.83
316,normal,Wed Oct 23 18:44:59 2019,0.1,1.4,13.82
317,normal,Wed Oct 23 18:45:00 2019,0.09,1.28,13.82
318,normal,Wed Oct 23 18:45:01 2019,0.1,1.4,13.82
319,normal,Wed Oct 23 18:45:02 2019,0.1,1.4,13.82
320,normal,Wed Oct 23 18:45:03 2019,0.1,1.4,13.82
321,normal,Wed Oct 23 18:45:04 2019,0.1,1.4,13.82
322,normal,Wed Oct 23 18:45:05 2019,0.1,1.4,13.82
323,normal,Wed Oct 23 18:45:06 2019,0.1,1.4,13.82
324,normal,Wed Oct 23 18:45:07 2019,0.1,1.4,13.82
325,normal,Wed Oct 23 18:45:08 2019,0.1,1.4,13.82
326,normal,Wed Oct 23 18:45:09 2019,0.1,1.4,13.83
327,normal,Wed Oct 23 18:45:10 2019,0.1,1.4,13.81
328,normal,Wed Oct 23 18:45:11 2019,0.1,1.4,13.84
329,normal,Wed Oct 23 18:45:12 2019,0.1,1.4,13.82
330,normal,Wed Oct 23 18:45:13 2019,0.1,1.4,13.83
331,normal,Wed Oct 23 18:45:14 2019,0.1,1.4,13.83
332,normal,Wed Oct 23 18:45:16 2019,0.1,1.4,13.82
333,normal,Wed Oct 23 18:45:17 2019,0.1,1.4,13.82
334,normal,Wed Oct 23 18:45:18 2019,0.09,1.28,13.82
335,normal,Wed Oct 23 18:45:19 2019,0.11,1.53,13.83
336,normal,Wed Oct 23 18:45:20 2019,0.1,1.4,13.84
337,normal,Wed Oct 23 18:45:21 2019,0.1,1.4,13.82
338,normal,Wed Oct 23 18:45:22 2019,0.09,1.28,13.83
339,normal,Wed Oct 23 18:45:23 2019,0.1,1.4,13.83
340,normal,Wed Oct 23 18:45:24 2019,0.09,1.28,13.81
341,normal,Wed Oct 23 18:45:25 2019,0.1,1.4,13.83
342,normal,Wed Oct 23 18:45:26 2019,0.1,1.4,13.81
343,normal,Wed Oct 23 18:45:27 2019,0.1,1.4,13.83
344,normal,Wed Oct 23 18:45:28 2019,0.09,1.28,13.82
345,normal,Wed Oct 23 18:45:29 2019,0.1,1.4,13.84
346,normal,Wed Oct 23 18:45:30 2019,0.11,1.53,13.81
347,normal,Wed Oct 23 18:45:31 2019,0.1,1.4,13.83
348,normal,Wed Oct 23 18:45:32 2019,0.09,1.28,13.82
349,normal,Wed Oct 23 18:45:33 2019,0.1,1.4,13.82
350,normal,Wed Oct 23 18:45:34 2019,0.1,1.4,13.83
351,normal,Wed Oct 23 18:45:35 2019,0.1,1.4,13.82
352,normal,Wed Oct 23 18:45:36 2019,0.1,1.4,13.83
353,normal,Wed Oct 23 18:45:37 2019,0.1,1.4,13.83
354,normal,Wed Oct 23 18:45:38 2019,0.09,1.28,13.83
355,normal,Wed Oct 23 18:45:39 2019,0.1,1.4,13.84
356,normal,Wed Oct 23 18:45:40 2019,0.1,1.4,13.84
357,normal,Wed Oct 23 18:45:41 2019,0.09,1.28,13.85
358,normal,Wed Oct 23 18:45:42 2019,0.1,1.4,13.82
359,normal,Wed Oct 23 18:45:43 2019,0.09,1.28,13.82
360,normal,Wed Oct 23 18:45:44 2019,0.1,1.4,13.82
361,normal,Wed Oct 23 18:45:45 2019,0.1,1.4,13.83
362,normal,Wed Oct 23 18:45:46 2019,0.1,1.4,13.84
363,normal,Wed Oct 23 18:45:47 2019,0.1,1.4,13.83
364,normal,Wed Oct 23 18:45:48 2019,0.1,1.4,13.82
365,normal,Wed Oct 23 18:45:49 2019,0.11,1.53,13.83
366,normal,Wed Oct 23 18:45:50 2019,0.1,1.4,13.83
367,normal,Wed Oct 23 18:45:51 2019,0.1,1.4,13.83
368,normal,Wed Oct 23 18:45:52 2019,0.1,1.4,13.83
369,normal,Wed Oct 23 18:45:53 2019,0.1,1.4,13.82
370,normal,Wed Oct 23 18:45:54 2019,0.1,1.41,13.82
371,normal,Wed Oct 23 18:45:55 2019,0.1,1.4,13.85
372,normal,Wed Oct 23 18:45:56 2019,0.1,1.4,13.83
373,normal,Wed Oct 23 18:45:57 2019,0.1,1.4,13.83
374,normal,Wed Oct 23 18:45:58 2019,0.11,1.53,13.81
375,normal,Wed Oct 23 18:45:59 2019,0.1,1.4,13.83
376,normal,Wed Oct 23 18:46:00 2019,0.1,1.4,13.85
377,normal,Wed Oct 23 18:46:01 2019,0.1,1.4,13.84
378,normal,Wed Oct 23 18:46:02 2019,0.1,1.4,13.84
379,normal,Wed Oct 23 18:46:03 2019,0.11,1.53,13.82
380,normal,Wed Oct 23 18:46:04 2019,0.11,1.53,13.84
381,normal,Wed Oct 23 18:46:05 2019,0.11,1.53,13.83
382,normal,Wed Oct 23 18:46:06 2019,0.1,1.41,13.83
383,normal,Wed Oct 23 18:46:07 2019,0.11,1.53,13.81
384,normal,Wed Oct 23 18:46:08 2019,0.1,1.4,13.83
385,normal,Wed Oct 23 18:46:09 2019,0.1,1.4,13.84
386,normal,Wed Oct 23 18:46:10 2019,0.09,1.28,13.83
387,normal,Wed Oct 23 18:46:11 2019,0.11,1.53,13.83
388,normal,Wed Oct 23 18:46:12 2019,0.11,1.53,13.84
389,normal,Wed Oct 23 18:46:13 2019,0.09,1.28,13.82
390,normal,Wed Oct 23 18:46:14 2019,0.1,1.4,13.84
391,normal,Wed Oct 23 18:46:15 2019,0.1,1.41,13.81
392,normal,Wed Oct 23 18:46:16 2019,0.11,1.53,13.82
393,normal,Wed Oct 23 18:46:17 2019,0.09,1.28,13.83
394,normal,Wed Oct 23 18:46:18 2019,0.1,1.4,13.83
395,normal,Wed Oct 23 18:46:19 2019,0.1,1.41,13.84
396,normal,Wed Oct 23 18:46:20 2019,0.09,1.28,13.82
397,normal,Wed Oct 23 18:46:21 2019,0.09,1.28,13.82
398,normal,Wed Oct 23 18:46:22 2019,0.1,1.4,13.79
399,normal,Wed Oct 23 18:46:23 2019,0.1,1.4,13.83
400,normal,Wed Oct 23 18:46:24 2019,0.1,1.4,13.83
401,normal,Wed Oct 23 18:46:25 2019,0.11,1.53,13.82
402,normal,Wed Oct 23 18:46:26 2019,0.09,1.28,13.83
403,normal,Wed Oct 23 18:46:27 2019,0.11,1.53,13.84
404,normal,Wed Oct 23 18:46:28 2019,0.1,1.4,13.83
405,normal,Wed Oct 23 18:46:29 2019,0.1,1.41,13.82
406,normal,Wed Oct 23 18:46:30 2019,0.09,1.28,13.82
407,normal,Wed Oct 23 18:46:31 2019,0.11,1.53,13.82
408,normal,Wed Oct 23 18:46:32 2019,0.11,1.53,13.82
409,normal,Wed Oct 23 18:46:33 2019,0.11,1.53,13.82
410,normal,Wed Oct 23 18:46:34 2019,0.1,1.4,13.83
411,normal,Wed Oct 23 18:46:35 2019,0.11,1.53,13.84
412,normal,Wed Oct 23 18:46:36 2019,0.11,1.53,13.82
413,normal,Wed Oct 23 18:46:37 2019,0.11,1.53,13.82
414,normal,Wed Oct 23 18:46:38 2019,0.09,1.28,13.81
415,normal,Wed Oct 23 18:46:39 2019,0.09,1.28,13.83
416,normal,Wed Oct 23 18:46:40 2019,0.1,1.4,13.82
417,normal,Wed Oct 23 18:46:41 2019,0.11,1.53,13.83
418,normal,Wed Oct 23 18:46:42 2019,0.1,1.41,13.83
419,normal,Wed Oct 23 18:46:43 2019,0.1,1.4,13.84
420,normal,Wed Oct 23 18:46:44 2019,0.1,1.4,13.82
421,normal,Wed Oct 23 18:46:45 2019,0.09,1.28,13.82
422,normal,Wed Oct 23 18:46:46 2019,0.1,1.4,13.83
423,normal,Wed Oct 23 18:46:47 2019,0.1,1.4,13.83
424,normal,Wed Oct 23 18:46:48 2019,0.11,1.53,13.82
425,normal,Wed Oct 23 18:46:49 2019,0.11,1.53,13.83
426,normal,Wed Oct 23 18:46:50 2019,0.1,1.4,13.82
427,normal,Wed Oct 23 18:46:51 2019,0.1,1.4,13.82
428,normal,Wed Oct 23 18:46:52 2019,0.11,1.53,13.83
429,normal,Wed Oct 23 18:46:53 2019,0.1,1.4,13.84
430,normal,Wed Oct 23 18:46:54 2019,0.09,1.28,13.83
431,normal,Wed Oct 23 18:46:55 2019,0.1,1.41,13.82
432,normal,Wed Oct 23 18:46:56 2019,0.11,1.53,13.82
433,normal,Wed Oct 23 18:46:57 2019,0.11,1.53,13.83
434,normal,Wed Oct 23 18:46:58 2019,0.09,1.28,13.83
435,normal,Wed Oct 23 18:46:59 2019,0.11,1.53,13.82
436,normal,Wed Oct 23 18:47:00 2019,0.1,1.4,13.83
437,normal,Wed Oct 23 18:47:01 2019,0.1,1.4,13.81
438,normal,Wed Oct 23 18:47:03 2019,0.1,1.41,13.81
439,normal,Wed Oct 23 18:47:04 2019,0.1,1.4,13.83
440,normal,Wed Oct 23 18:47:05 2019,0.11,1.53,13.84
441,normal,Wed Oct 23 18:47:06 2019,0.1,1.4,13.84
442,normal,Wed Oct 23 18:47:07 2019,0.1,1.41,13.82
443,normal,Wed Oct 23 18:47:08 2019,0.1,1.41,13.82
444,normal,Wed Oct 23 18:47:09 2019,0.1,1.4,13.83
445,normal,Wed Oct 23 18:47:10 2019,0.11,1.53,13.83
446,normal,Wed Oct 23 18:47:11 2019,0.1,1.4,13.83
447,normal,Wed Oct 23 18:47:12 2019,0.1,1.4,13.81
448,normal,Wed Oct 23 18:47:13 2019,0.11,1.53,13.84
449,normal,Wed Oct 23 18:47:14 2019,0.1,1.4,13.82
450,normal,Wed Oct 23 18:47:15 2019,0.1,1.4,13.81
451,normal,Wed Oct 23 18:47:16 2019,0.1,1.4,13.82
452,normal,Wed Oct 23 18:47:17 2019,0.1,1.4,13.83
453,normal,Wed Oct 23 18:47:18 2019,0.11,1.53,13.82
454,normal,Wed Oct 23 18:47:19 2019,0.12,1.66,13.84
455,normal,Wed Oct 23 18:47:20 2019,0.11,1.53,13.83
456,normal,Wed Oct 23 18:47:21 2019,0.1,1.4,13.81
457,normal,Wed Oct 23 18:47:22 2019,0.1,1.41,13.84
458,normal,Wed Oct 23 18:47:23 2019,0.09,1.28,13.82
459,normal,Wed Oct 23 18:47:24 2019,0.1,1.4,13.83
460,normal,Wed Oct 23 18:47:25 2019,0.09,1.28,13.83
461,normal,Wed Oct 23 18:47:26 2019,0.1,1.4,13.84
462,normal,Wed Oct 23 18:47:27 2019,0.1,1.41,13.83
463,normal,Wed Oct 23 18:47:28 2019,0.1,1.41,13.84
464,normal,Wed Oct 23 18:47:29 2019,0.1,1.4,13.83
465,normal,Wed Oct 23 18:47:30 2019,0.1,1.4,13.82
466,normal,Wed Oct 23 18:47:31 2019,0.1,1.4,13.84
467,normal,Wed Oct 23 18:47:32 2019,0.1,1.4,13.84
468,normal,Wed Oct 23 18:47:33 2019,0.1,1.4,13.84
469,normal,Wed Oct 23 18:47:34 2019,0.11,1.53,13.83
470,normal,Wed Oct 23 18:47:35 2019,0.1,1.4,13.84
471,normal,Wed Oct 23 18:47:36 2019,0.1,1.41,13.81
472,normal,Wed Oct 23 18:47:37 2019,0.11,1.53,13.83
473,normal,Wed Oct 23 18:47:38 2019,0.11,1.53,13.83
474,normal,Wed Oct 23 18:47:39 2019,0.1,1.41,13.83
475,normal,Wed Oct 23 18:47:40 2019,0.1,1.41,13.83
476,normal,Wed Oct 23 18:47:41 2019,0.1,1.41,13.82
477,normal,Wed Oct 23 18:47:42 2019,0.1,1.4,13.8
478,normal,Wed Oct 23 18:47:43 2019,0.1,1.4,13.83
479,normal,Wed Oct 23 18:47:44 2019,0.1,1.41,13.84
480,normal,Wed Oct 23 18:47:45 2019,0.1,1.4,13.83
481,normal,Wed Oct 23 18:47:46 2019,0.1,1.4,13.84
482,normal,Wed Oct 23 18:47:47 2019,0.1,1.4,13.81
483,normal,Wed Oct 23 18:47:48 2019,0.1,1.4,13.82
484,normal,Wed Oct 23 18:47:49 2019,0.09,1.28,13.83
485,normal,Wed Oct 23 18:47:50 2019,0.09,1.28,13.84
486,normal,Wed Oct 23 18:47:51 2019,0.11,1.53,13.84
487,normal,Wed Oct 23 18:47:52 2019,0.11,1.53,13.83
488,normal,Wed Oct 23 18:47:53 2019,0.1,1.41,13.83
489,normal,Wed Oct 23 18:47:54 2019,0.1,1.4,13.84
490,normal,Wed Oct 23 18:47:55 2019,0.1,1.41,13.82
491,normal,Wed Oct 23 18:47:56 2019,0.1,1.4,13.83
492,normal,Wed Oct 23 18:47:57 2019,0.1,1.4,13.83
493,normal,Wed Oct 23 18:47:58 2019,0.1,1.4,13.82
494,normal,Wed Oct 23 18:47:59 2019,0.09,1.28,13.84
495,normal,Wed Oct 23 18:48:00 2019,0.1,1.41,13.84
496,normal,Wed Oct 23 18:48:01 2019,0.11,1.53,13.83
497,normal,Wed Oct 23 18:48:02 2019,0.11,1.53,13.84
498,normal,Wed Oct 23 18:48:03 2019,0.1,1.4,13.82
499,normal,Wed Oct 23 18:48:04 2019,0.1,1.41,13.82
500,normal,Wed Oct 23 18:48:05 2019,0.11,1.53,13.81
501,normal,Wed Oct 23 18:48:06 2019,0.1,1.41,13.82
502,normal,Wed Oct 23 18:48:07 2019,0.1,1.4,13.81
503,normal,Wed Oct 23 18:48:08 2019,0.11,1.53,13.85
504,normal,Wed Oct 23 18:48:09 2019,0.1,1.41,13.84
505,normal,Wed Oct 23 18:48:10 2019,0.1,1.41,13.84
506,normal,Wed Oct 23 18:48:11 2019,0.1,1.41,13.83
507,normal,Wed Oct 23 18:48:12 2019,0.1,1.41,13.82
508,normal,Wed Oct 23 18:48:13 2019,0.1,1.4,13.82
509,normal,Wed Oct 23 18:48:14 2019,0.11,1.53,13.83
510,normal,Wed Oct 23 18:48:15 2019,0.1,1.4,13.83
511,normal,Wed Oct 23 18:48:16 2019,0.1,1.4,13.84
512,normal,Wed Oct 23 18:48:17 2019,0.1,1.41,13.84
513,normal,Wed Oct 23 18:48:18 2019,0.1,1.4,13.83
514,normal,Wed Oct 23 18:48:19 2019,0.1,1.4,13.82
515,normal,Wed Oct 23 18:48:20 2019,0.1,1.41,13.83
516,normal,Wed Oct 23 18:48:21 2019,0.1,1.41,13.82
517,normal,Wed Oct 23 18:48:22 2019,0.1,1.41,13.83
518,normal,Wed Oct 23 18:48:23 2019,0.1,1.41,13.84
519,normal,Wed Oct 23 18:48:24 2019,0.1,1.41,13.83
520,normal,Wed Oct 23 18:48:25 2019,0.1,1.4,13.84
521,normal,Wed Oct 23 18:48:26 2019,0.11,1.53,13.82
522,normal,Wed Oct 23 18:48:27 2019,0.11,1.53,13.83
523,normal,Wed Oct 23 18:48:28 2019,0.1,1.41,13.82
524,normal,Wed Oct 23 18:48:29 2019,0.1,1.4,13.83
525,normal,Wed Oct 23 18:48:30 2019,0.1,1.41,13.82
526,normal,Wed Oct 23 18:48:31 2019,0.1,1.4,13.83
527,normal,Wed Oct 23 18:48:32 2019,0.1,1.4,13.84
528,normal,Wed Oct 23 18:48:33 2019,0.1,1.41,13.84
529,normal,Wed Oct 23 18:48:34 2019,0.1,1.41,13.81
530,normal,Wed Oct 23 18:48:35 2019,0.1,1.4,13.83
531,normal,Wed Oct 23 18:48:36 2019,0.11,1.53,13.82
532,normal,Wed Oct 23 18:48:37 2019,0.1,1.4,13.83
533,normal,Wed Oct 23 18:48:38 2019,0.1,1.41,13.83
534,normal,Wed Oct 23 18:48:39 2019,0.1,1.41,13.81
535,normal,Wed Oct 23 18:48:40 2019,0.1,1.4,13.84
536,normal,Wed Oct 23 18:48:41 2019,0.09,1.28,13.86
537,normal,Wed Oct 23 18:48:42 2019,0.1,1.41,13.81
538,normal,Wed Oct 23 18:48:43 2019,0.1,1.41,13.82
539,normal,Wed Oct 23 18:48:44 2019,0.09,1.28,13.83
540,normal,Wed Oct 23 18:48:45 2019,0.1,1.4,13.83
541,normal,Wed Oct 23 18:48:46 2019,0.1,1.41,13.83
542,normal,Wed Oct 23 18:48:48 2019,0.1,1.41,13.84
543,normal,Wed Oct 23 18:48:49 2019,0.1,1.4,13.83
544,normal,Wed Oct 23 18:48:50 2019,0.1,1.4,13.83
545,normal,Wed Oct 23 18:48:51 2019,0.1,1.41,13.82
546,normal,Wed Oct 23 18:48:52 2019,0.1,1.41,13.84
547,normal,Wed Oct 23 18:48:53 2019,0.1,1.41,13.83
548,normal,Wed Oct 23 18:48:54 2019,0.1,1.41,13.84
549,normal,Wed Oct 23 18:48:55 2019,0.1,1.4,13.82
550,normal,Wed Oct 23 18:48:56 2019,0.1,1.41,13.81
551,normal,Wed Oct 23 18:48:57 2019,0.1,1.41,13.82
552,normal,Wed Oct 23 18:48:58 2019,0.1,1.41,13.83
553,normal,Wed Oct 23 18:48:59 2019,0.11,1.53,13.83
554,normal,Wed Oct 23 18:49:00 2019,0.1,1.41,13.82
555,normal,Wed Oct 23 18:49:01 2019,0.1,1.4,13.84
556,normal,Wed Oct 23 18:49:02 2019,0.1,1.4,13.83
557,normal,Wed Oct 23 18:49:03 2019,0.1,1.41,13.82
558,normal,Wed Oct 23 18:49:04 2019,0.1,1.4,13.82
559,normal,Wed Oct 23 18:49:05 2019,0.1,1.4,13.84
560,normal,Wed Oct 23 18:49:06 2019,0.1,1.41,13.83
561,normal,Wed Oct 23 18:49:07 2019,0.1,1.4,13.83
562,normal,Wed Oct 23 18:49:08 2019,0.11,1.53,13.82
563,normal,Wed Oct 23 18:49:09 2019,0.1,1.41,13.82
564,normal,Wed Oct 23 18:49:10 2019,0.1,1.4,13.84
565,normal,Wed Oct 23 18:49:11 2019,0.1,1.41,13.82
566,normal,Wed Oct 23 18:49:12 2019,0.1,1.41,13.83
567,normal,Wed Oct 23 18:49:13 2019,0.1,1.4,13.84
568,normal,Wed Oct 23 18:49:14 2019,0.11,1.53,13.83
569,normal,Wed Oct 23 18:49:15 2019,0.11,1.53,13.83
570,normal,Wed Oct 23 18:49:16 2019,0.11,1.53,13.83
571,normal,Wed Oct 23 18:49:17 2019,0.1,1.41,13.84
572,normal,Wed Oct 23 18:49:18 2019,0.1,1.4,13.81
573,normal,Wed Oct 23 18:49:19 2019,0.1,1.4,13.83
574,normal,Wed Oct 23 18:49:20 2019,0.1,1.4,13.82
575,normal,Wed Oct 23 18:49:21 2019,0.1,1.41,13.84
576,normal,Wed Oct 23 18:49:22 2019,0.1,1.4,13.84
577,normal,Wed Oct 23 18:49:23 2019,0.1,1.4,13.84
578,normal,Wed Oct 23 18:49:24 2019,0.1,1.41,13.83
579,normal,Wed Oct 23 18:49:25 2019,0.1,1.41,13.85
580,normal,Wed Oct 23 18:49:26 2019,0.1,1.41,13.82
581,normal,Wed Oct 23 18:49:27 2019,0.1,1.41,13.82
582,normal,Wed Oct 23 18:49:28 2019,0.1,1.41,13.82
583,normal,Wed Oct 23 18:49:29 2019,0.1,1.41,13.83
584,normal,Wed Oct 23 18:49:30 2019,0.1,1.41,13.83
585,normal,Wed Oct 23 18:49:31 2019,0.1,1.4,13.81
586,normal,Wed Oct 23 18:49:32 2019,0.1,1.41,13.84
587,normal,Wed Oct 23 18:49:33 2019,0.1,1.4,13.82
588,normal,Wed Oct 23 18:49:34 2019,0.1,1.41,13.82
589,normal,Wed Oct 23 18:49:35 2019,0.1,1.41,13.83
590,normal,Wed Oct 23 18:49:36 2019,0.1,1.41,13.83
591,normal,Wed Oct 23 18:49:37 2019,0.09,1.28,13.84
592,normal,Wed Oct 23 18:49:38 2019,0.1,1.4,13.84
593,normal,Wed Oct 23 18:49:39 2019,0.1,1.4,13.82
594,normal,Wed Oct 23 18:49:40 2019,0.09,1.28,13.84
595,normal,Wed Oct 23 18:49:41 2019,0.09,1.28,13.8
596,normal,Wed Oct 23 18:49:42 2019,0.08,1.15,13.82
597,normal,Wed Oct 23 18:49:43 2019,0.08,1.15,13.82
598,normal,Wed Oct 23 18:49:44 2019,0.08,1.15,13.8
599,normal,Wed Oct 23 18:49:45 2019,0.09,1.28,13.81
600,normal,Wed Oct 23 18:49:46 2019,0.08,1.15,13.82
601,normal,Wed Oct 23 18:49:47 2019,0.09,1.28,13.82
602,normal,Wed Oct 23 18:49:48 2019,0.09,1.28,13.83
603,normal,Wed Oct 23 18:49:49 2019,0.1,1.4,13.83
604,normal,Wed Oct 23 18:49:50 2019,0.1,1.4,13.83
605,normal,Wed Oct 23 18:49:51 2019,0.1,1.41,13.83
606,normal,Wed Oct 23 18:49:52 2019,0.1,1.41,13.83
607,normal,Wed Oct 23 18:49:53 2019,0.1,1.4,13.83
608,normal,Wed Oct 23 18:49:54 2019,0.09,1.28,13.83
609,normal,Wed Oct 23 18:49:55 2019,0.09,1.28,13.82
610,normal,Wed Oct 23 18:49:56 2019,0.08,1.15,13.81
611,normal,Wed Oct 23 18:49:57 2019,0.07,1.02,13.8
612,normal,Wed Oct 23 18:49:58 2019,0.06,0.89,13.8
613,normal,Wed Oct 23 18:49:59 2019,0.05,0.76,13.79
614,normal,Wed Oct 23 18:50:00 2019,0.05,0.76,13.78
615,normal,Wed Oct 23 18:50:01 2019,0.05,0.76,13.77
616,normal,Wed Oct 23 18:50:02 2019,0.06,0.89,13.78
617,normal,Wed Oct 23 18:50:03 2019,0.05,0.76,13.78
618,normal,Wed Oct 23 18:50:04 2019,0.05,0.76,13.77
619,normal,Wed Oct 23 18:50:05 2019,0.05,0.76,13.76
620,normal,Wed Oct 23 18:50:06 2019,0.05,0.76,13.78
621,normal,Wed Oct 23 18:50:07 2019,0.04,0.63,13.79
622,normal,Wed Oct 23 18:50:08 2019,0.05,0.76,13.77
623,normal,Wed Oct 23 18:50:09 2019,0.05,0.76,13.76
624,normal,Wed Oct 23 18:50:10 2019,0.05,0.76,13.77
625,normal,Wed Oct 23 18:50:11 2019,0.06,0.89,13.77
626,normal,Wed Oct 23 18:50:12 2019,0.05,0.76,13.78
627,normal,Wed Oct 23 18:50:13 2019,0.05,0.76,13.78
628,normal,Wed Oct 23 18:50:14 2019,0.05,0.76,13.76
629,normal,Wed Oct 23 18:50:15 2019,0.05,0.76,13.77
630,normal,Wed Oct 23 18:50:16 2019,0.05,0.76,13.76
631,normal,Wed Oct 23 18:50:17 2019,0.07,1.02,13.77
632,normal,Wed Oct 23 18:50:18 2019,0.05,0.76,13.77
633,normal,Wed Oct 23 18:50:19 2019,0.07,1.02,13.78
634,normal,Wed Oct 23 18:50:20 2019,0.06,0.89,13.77
635,normal,Wed Oct 23 18:50:21 2019,0.06,0.89,13.78
636,normal,Wed Oct 23 18:50:22 2019,0.07,1.02,13.8
637,normal,Wed Oct 23 18:50:23 2019,0.06,0.89,13.79
638,normal,Wed Oct 23 18:50:24 2019,0.06,0.89,13.78
639,normal,Wed Oct 23 18:50:25 2019,0.07,1.02,13.79
640,normal,Wed Oct 23 18:50:26 2019,0.07,1.02,13.79
641,normal,Wed Oct 23 18:50:27 2019,0.05,0.76,13.78
642,normal,Wed Oct 23 18:50:28 2019,0.06,0.89,13.78
643,normal,Wed Oct 23 18:50:29 2019,0.06,0.89,13.79
644,normal,Wed Oct 23 18:50:30 2019,0.06,0.89,13.78
645,normal,Wed Oct 23 18:50:31 2019,0.07,1.02,13.78
646,normal,Wed Oct 23 18:50:32 2019,0.07,1.02,13.79
647,normal,Wed Oct 23 18:50:33 2019,0.07,1.02,13.79
648,normal,Wed Oct 23 18:50:34 2019,0.08,1.15,13.79
649,normal,Wed Oct 23 18:50:35 2019,0.07,1.02,13.78
650,normal,Wed Oct 23 18:50:36 2019,0.08,1.15,13.78
651,normal,Wed Oct 23 18:50:38 2019,0.08,1.15,13.79
652,normal,Wed Oct 23 18:50:39 2019,0.07,1.02,13.78
653,normal,Wed Oct 23 18:50:40 2019,0.08,1.15,13.79
654,normal,Wed Oct 23 18:50:41 2019,0.08,1.15,13.79
655,normal,Wed Oct 23 18:50:42 2019,0.08,1.15,13.8
656,normal,Wed Oct 23 18:50:43 2019,0.07,1.02,13.81
657,normal,Wed Oct 23 18:50:44 2019,0.08,1.15,13.79
658,normal,Wed Oct 23 18:50:45 2019,0.08,1.15,13.79
659,normal,Wed Oct 23 18:50:46 2019,0.08,1.15,13.78
660,normal,Wed Oct 23 18:50:47 2019,0.09,1.27,13.8
661,normal,Wed Oct 23 18:50:48 2019,0.09,1.27,13.8
662,normal,Wed Oct 23 18:50:49 2019,0.1,1.4,13.82
663,normal,Wed Oct 23 18:50:50 2019,0.09,1.28,13.82
664,normal,Wed Oct 23 18:50:51 2019,0.1,1.4,13.82
665,normal,Wed Oct 23 18:50:52 2019,0.1,1.4,13.82
666,normal,Wed Oct 23 18:50:53 2019,0.1,1.4,13.83
667,normal,Wed Oct 23 18:50:54 2019,0.1,1.4,13.83
668,normal,Wed Oct 23 18:50:55 2019,0.1,1.4,13.8
669,normal,Wed Oct 23 18:50:56 2019,0.11,1.53,13.81
670,normal,Wed Oct 23 18:50:57 2019,0.1,1.4,13.84
671,normal,Wed Oct 23 18:50:58 2019,0.1,1.4,13.82
672,normal,Wed Oct 23 18:50:59 2019,0.1,1.4,13.81
673,normal,Wed Oct 23 18:51:00 2019,0.1,1.4,13.82
674,normal,Wed Oct 23 18:51:01 2019,0.1,1.4,13.83
675,normal,Wed Oct 23 18:51:02 2019,0.1,1.4,13.82
676,normal,Wed Oct 23 18:51:03 2019,0.11,1.53,13.81
677,normal,Wed Oct 23 18:51:04 2019,0.11,1.53,13.82
678,normal,Wed Oct 23 18:51:05 2019,0.11,1.53,13.82
679,normal,Wed Oct 23 18:51:06 2019,0.1,1.4,13.79
680,normal,Wed Oct 23 18:51:07 2019,0.1,1.4,13.84
681,normal,Wed Oct 23 18:51:08 2019,0.11,1.53,13.84
682,normal,Wed Oct 23 18:51:09 2019,0.1,1.4,13.83
683,normal,Wed Oct 23 18:51:10 2019,0.11,1.53,13.83
684,normal,Wed Oct 23 18:51:11 2019,0.1,1.4,13.82
685,normal,Wed Oct 23 18:51:12 2019,0.1,1.4,13.84
686,normal,Wed Oct 23 18:51:13 2019,0.11,1.53,13.82
687,normal,Wed Oct 23 18:51:14 2019,0.1,1.4,13.83
688,normal,Wed Oct 23 18:51:15 2019,0.1,1.4,13.84
689,normal,Wed Oct 23 18:51:16 2019,0.1,1.4,13.84
690,normal,Wed Oct 23 18:51:17 2019,0.1,1.4,13.81
691,normal,Wed Oct 23 18:51:18 2019,0.1,1.4,13.84
692,normal,Wed Oct 23 18:51:19 2019,0.11,1.53,13.81
693,normal,Wed Oct 23 18:51:20 2019,0.1,1.4,13.82
694,normal,Wed Oct 23 18:51:21 2019,0.11,1.53,13.83
695,normal,Wed Oct 23 18:51:22 2019,0.11,1.53,13.84
696,normal,Wed Oct 23 18:51:23 2019,0.1,1.4,13.83
697,normal,Wed Oct 23 18:51:24 2019,0.11,1.53,13.83
698,normal,Wed Oct 23 18:51:25 2019,0.1,1.4,13.84
699,normal,Wed Oct 23 18:51:26 2019,0.11,1.53,13.83
700,normal,Wed Oct 23 18:51:27 2019,0.11,1.53,13.84
701,normal,Wed Oct 23 18:51:28 2019,0.11,1.53,13.82
702,normal,Wed Oct 23 18:51:29 2019,0.12,1.66,13.83
703,normal,Wed Oct 23 18:51:30 2019,0.1,1.4,13.83
704,normal,Wed Oct 23 18:51:31 2019,0.11,1.53,13.84
705,normal,Wed Oct 23 18:51:32 2019,0.11,1.53,13.82
706,normal,Wed Oct 23 18:51:33 2019,0.1,1.4,13.84
707,normal,Wed Oct 23 18:51:34 2019,0.11,1.53,13.83
708,normal,Wed Oct 23 18:51:35 2019,0.1,1.4,13.82
709,normal,Wed Oct 23 18:51:36 2019,0.1,1.4,13.84
710,normal,Wed Oct 23 18:51:37 2019,0.1,1.4,13.82
711,normal,Wed Oct 23 18:51:38 2019,0.11,1.53,13.83
712,normal,Wed Oct 23 18:51:39 2019,0.11,1.53,13.84
713,normal,Wed Oct 23 18:51:40 2019,0.11,1.53,13.83
714,normal,Wed Oct 23 18:51:41 2019,0.11,1.53,13.84
715,normal,Wed Oct 23 18:51:42 2019,0.11,1.53,13.84
716,normal,Wed Oct 23 18:51:43 2019,0.11,1.53,13.84
717,normal,Wed Oct 23 18:51:44 2019,0.1,1.4,13.83
718,normal,Wed Oct 23 18:51:45 2019,0.11,1.53,13.82
719,normal,Wed Oct 23 18:51:46 2019,0.1,1.4,13.82
720,normal,Wed Oct 23 18:51:47 2019,0.1,1.4,13.8
721,normal,Wed Oct 23 18:51:48 2019,0.11,1.53,13.84
722,normal,Wed Oct 23 18:51:49 2019,0.11,1.53,13.84
723,normal,Wed Oct 23 18:51:50 2019,0.11,1.53,13.82
724,normal,Wed Oct 23 18:51:51 2019,0.11,1.53,13.83
725,normal,Wed Oct 23 18:51:52 2019,0.11,1.53,13.84
726,normal,Wed Oct 23 18:51:53 2019,0.11,1.53,13.84
727,normal,Wed Oct 23 18:51:54 2019,0.11,1.53,13.86
728,normal,Wed Oct 23 18:51:55 2019,0.11,1.53,13.83
729,normal,Wed Oct 23 18:51:56 2019,0.1,1.4,13.83
730,normal,Wed Oct 23 18:51:57 2019,0.1,1.41,13.83
731,normal,Wed Oct 23 18:51:58 2019,0.11,1.53,13.84
732,normal,Wed Oct 23 18:51:59 2019,0.11,1.53,13.82
733,normal,Wed Oct 23 18:52:00 2019,0.1,1.41,13.84
734,normal,Wed Oct 23 18:52:01 2019,0.11,1.53,13.83
735,normal,Wed Oct 23 18:52:02 2019,0.1,1.4,13.83
736,normal,Wed Oct 23 18:52:03 2019,0.11,1.53,13.85
737,normal,Wed Oct 23 18:52:04 2019,0.11,1.53,13.82
738,normal,Wed Oct 23 18:52:05 2019,0.11,1.53,13.84
739,normal,Wed Oct 23 18:52:06 2019,0.11,1.53,13.82
740,normal,Wed Oct 23 18:52:07 2019,0.11,1.53,13.83
741,normal,Wed Oct 23 18:52:08 2019,0.11,1.53,13.83
742,normal,Wed Oct 23 18:52:09 2019,0.11,1.53,13.82
743,normal,Wed Oct 23 18:52:10 2019,0.11,1.53,13.83
744,normal,Wed Oct 23 18:52:11 2019,0.1,1.41,13.83
745,normal,Wed Oct 23 18:52:12 2019,0.1,1.4,13.84
746,normal,Wed Oct 23 18:52:13 2019,0.11,1.53,13.83
747,normal,Wed Oct 23 18:52:14 2019,0.1,1.41,13.84
748,normal,Wed Oct 23 18:52:15 2019,0.11,1.53,13.84
749,normal,Wed Oct 23 18:52:16 2019,0.11,1.53,13.83
750,normal,Wed Oct 23 18:52:17 2019,0.11,1.53,13.83
751,normal,Wed Oct 23 18:52:18 2019,0.1,1.41,13.84
752,normal,Wed Oct 23 18:52:20 2019,0.11,1.53,13.85
753,normal,Wed Oct 23 18:52:21 2019,0.11,1.53,13.85
754,normal,Wed Oct 23 18:52:22 2019,0.1,1.4,13.84
755,normal,Wed Oct 23 18:52:23 2019,0.11,1.53,13.83
756,normal,Wed Oct 23 18:52:24 2019,0.11,1.53,13.84
757,normal,Wed Oct 23 18:52:25 2019,0.11,1.53,13.84
758,normal,Wed Oct 23 18:52:26 2019,0.11,1.53,13.84
759,normal,Wed Oct 23 18:52:27 2019,0.11,1.53,13.83
760,normal,Wed Oct 23 18:52:28 2019,0.11,1.53,13.82
761,normal,Wed Oct 23 18:52:29 2019,0.1,1.41,13.84
762,normal,Wed Oct 23 18:52:30 2019,0.11,1.53,13.84
763,normal,Wed Oct 23 18:52:31 2019,0.11,1.53,13.84
764,normal,Wed Oct 23 18:52:32 2019,0.11,1.53,13.83
765,normal,Wed Oct 23 18:52:33 2019,0.11,1.53,13.83
766,normal,Wed Oct 23 18:52:34 2019,0.12,1.66,13.85
767,normal,Wed Oct 23 18:52:35 2019,0.11,1.53,13.84
768,normal,Wed Oct 23 18:52:36 2019,0.12,1.66,13.83
769,normal,Wed Oct 23 18:52:37 2019,0.12,1.66,13.84
770,normal,Wed Oct 23 18:52:38 2019,0.11,1.53,13.84
771,normal,Wed Oct 23 18:52:39 2019,0.11,1.53,13.85
772,normal,Wed Oct 23 18:52:40 2019,0.11,1.53,13.85
773,normal,Wed Oct 23 18:52:41 2019,0.11,1.53,13.83
774,normal,Wed Oct 23 18:52:42 2019,0.11,1.53,13.84
775,normal,Wed Oct 23 18:52:43 2019,0.12,1.66,13.82
776,normal,Wed Oct 23 18:52:44 2019,0.11,1.53,13.82
777,normal,Wed Oct 23 18:52:45 2019,0.11,1.53,13.83
778,normal,Wed Oct 23 18:52:46 2019,0.12,1.66,13.84
779,normal,Wed Oct 23 18:52:47 2019,0.11,1.53,13.85
780,normal,Wed Oct 23 18:52:48 2019,0.11,1.53,13.84
781,normal,Wed Oct 23 18:52:49 2019,0.11,1.53,13.84
782,normal,Wed Oct 23 18:52:50 2019,0.11,1.53,13.84
783,normal,Wed Oct 23 18:52:51 2019,0.11,1.53,13.85
784,normal,Wed Oct 23 18:52:52 2019,0.11,1.53,13.84
785,normal,Wed Oct 23 18:52:53 2019,0.11,1.53,13.84
786,normal,Wed Oct 23 18:52:54 2019,0.1,1.41,13.84
787,normal,Wed Oct 23 18:52:55 2019,0.1,1.41,13.84
788,normal,Wed Oct 23 18:52:56 2019,0.11,1.53,13.83
789,normal,Wed Oct 23 18:52:57 2019,0.11,1.53,13.84
790,normal,Wed Oct 23 18:52:58 2019,0.11,1.53,13.84
791,normal,Wed Oct 23 18:52:59 2019,0.12,1.66,13.85
792,normal,Wed Oct 23 18:53:00 2019,0.11,1.53,13.82
793,normal,Wed Oct 23 18:53:01 2019,0.11,1.53,13.84
794,normal,Wed Oct 23 18:53:02 2019,0.11,1.53,13.85
795,normal,Wed Oct 23 18:53:03 2019,0.12,1.66,13.86
796,normal,Wed Oct 23 18:53:04 2019,0.12,1.66,13.85
797,normal,Wed Oct 23 18:53:05 2019,0.12,1.66,13.85
798,normal,Wed Oct 23 18:53:06 2019,0.11,1.53,13.84
799,normal,Wed Oct 23 18:53:07 2019,0.12,1.66,13.84
800,normal,Wed Oct 23 18:53:08 2019,0.12,1.66,13.84
801,normal,Wed Oct 23 18:53:09 2019,0.11,1.53,13.86
802,normal,Wed Oct 23 18:53:10 2019,0.12,1.66,13.84
803,normal,Wed Oct 23 18:53:11 2019,0.11,1.53,13.84
804,normal,Wed Oct 23 18:53:12 2019,0.11,1.53,13.84
805,normal,Wed Oct 23 18:53:13 2019,0.11,1.53,13.86
806,normal,Wed Oct 23 18:53:14 2019,0.1,1.41,13.84
807,normal,Wed Oct 23 18:53:15 2019,0.11,1.53,13.83
808,normal,Wed Oct 23 18:53:16 2019,0.11,1.53,13.86
809,normal,Wed Oct 23 18:53:17 2019,0.11,1.53,13.81
810,normal,Wed Oct 23 18:53:18 2019,0.11,1.53,13.85
811,normal,Wed Oct 23 18:53:19 2019,0.11,1.53,13.82
812,normal,Wed Oct 23 18:53:20 2019,0.11,1.53,13.84
813,normal,Wed Oct 23 18:53:21 2019,0.11,1.53,13.83
814,normal,Wed Oct 23 18:53:22 2019,0.11,1.53,13.85
815,normal,Wed Oct 23 18:53:23 2019,0.11,1.53,13.85
816,normal,Wed Oct 23 18:53:24 2019,0.11,1.53,13.83
817,normal,Wed Oct 23 18:53:25 2019,0.1,1.41,13.84
818,normal,Wed Oct 23 18:53:26 2019,0.11,1.53,13.84
819,normal,Wed Oct 23 18:53:27 2019,0.12,1.66,13.85
820,normal,Wed Oct 23 18:53:28 2019,0.11,1.53,13.84
821,normal,Wed Oct 23 18:53:29 2019,0.11,1.53,13.85
822,normal,Wed Oct 23 18:53:30 2019,0.11,1.53,13.85
823,normal,Wed Oct 23 18:53:31 2019,0.11,1.53,13.84
824,normal,Wed Oct 23 18:53:32 2019,0.11,1.53,13.85
825,normal,Wed Oct 23 18:53:33 2019,0.11,1.53,13.85
826,normal,Wed Oct 23 18:53:34 2019,0.12,1.66,13.84
827,normal,Wed Oct 23 18:53:35 2019,0.12,1.66,13.84
828,normal,Wed Oct 23 18:53:36 2019,0.11,1.53,13.85
829,normal,Wed Oct 23 18:53:37 2019,0.12,1.66,13.86
830,normal,Wed Oct 23 18:53:38 2019,0.11,1.53,13.85
831,normal,Wed Oct 23 18:53:39 2019,0.11,1.53,13.85
832,normal,Wed Oct 23 18:53:40 2019,0.1,1.41,13.84
833,normal,Wed Oct 23 18:53:41 2019,0.11,1.53,13.85
834,normal,Wed Oct 23 18:53:42 2019,0.11,1.53,13.84
835,normal,Wed Oct 23 18:53:43 2019,0.1,1.41,13.84
836,normal,Wed Oct 23 18:53:44 2019,0.1,1.41,13.86
837,normal,Wed Oct 23 18:53:45 2019,0.12,1.66,13.84
838,normal,Wed Oct 23 18:53:46 2019,0.11,1.53,13.85
839,normal,Wed Oct 23 18:53:47 2019,0.11,1.53,13.85
